{
  "paired_ttest": {
    "t_statistic": -1.521901915681509,
    "p_value": 0.13755933091705133
  },
  "cohens_d": 0.26492911807632313,
  "spearman": {
    "rho": 0.2572307417917766,
    "p_value": 1.7444329205116364e-05
  },
  "mean_abs_head_diff": 0.17664279721694054,
  "per_layer_diffs": {
    "mean": 0.02808964917121209,
    "std": 0.10602703611884509,
    "max": 0.2358609949699684
  }
}